{"schemaVersion":"1.0","appDefinitionTemplate":{"id":"/providers/Microsoft.PowerApps/apps/","type":"Microsoft.PowerApps/apps","tags":{"primaryDeviceWidth":"640","primaryDeviceHeight":"1136","supportsPortrait":"true","supportsLandscape":"true","primaryFormFactor":"Phone","showStatusBar":"false","publisherVersion":"3.24082.13","minimumRequiredApiVersion":"2.2.0","hasComponent":"false","hasUnlockedComponent":"false","isUnifiedRootApp":"false","sienaVersion":"20240823T084023Z-3.24082.13.0"},"properties":{"appVersion":"2024-08-23T08:40:23Z","lifeCycleId":"Published","createdByClientVersion":{"major":3,"minor":24082,"build":13,"revision":0,"majorRevision":0,"minorRevision":0},"minClientVersion":{"major":3,"minor":24082,"build":13,"revision":0,"majorRevision":0,"minorRevision":0},"backgroundColor":"RGBA(0,176,240,1)","backgroundImageUri":"/888955391747569880/Nf93ad60a-e74e-4c11-b5fd-6613bafa61cb-logoSmallFile","displayName":"Sushinoke_App","description":"","commitMessage":"","appUris":{"documentUri":{"value":"/888955391747569880/N5867a5b6-1a0d-4f06-80b3-19bad5ccf7dd-document.msapp"},"imageUris":[],"additionalUris":[{"isSolutionAware":false,"value":"/888955391747569880/N02997a5f-7b0d-4348-abfe-081b1b46a6bd-identity.json"}]},"createdTime":"0001-01-01T00:00:00Z","lastModifiedTime":"0001-01-01T00:00:00Z","sharedGroupsCount":0,"sharedUsersCount":0,"connectionReferences":{"ccf89420-7f58-476b-af04-8637b2d1cd30":{"id":"015698fc-5985-4d1b-ae0a-0157a023bbd2","displayName":"SharePoint","iconUri":"https://connectoricons-prod.azureedge.net/u/jayawan/releases/v1.0.1697/1.0.1697.3786/sharepointonline/icon.png","dataSources":["Excel","Orders"],"dependencies":[],"dependents":[],"parameterHints":{},"parameterHintsV2":{},"isOnPremiseConnection":false,"bypassConsent":false,"dataSets":{"https://schoolofautomation.sharepoint.com/sites/SushinokebyPaula":{"dataSources":{"Excel":{"tableName":"b8c8270a-1236-4398-9ca4-66821244b68d"},"Orders":{"tableName":"76a0165c-fc89-4de1-8979-2889b4586b5b"}}}},"apiTier":"Standard","isCustomApiConnection":false,"actions":["providers/PowerPlatform.Governance/Operations/Read","providers/PowerPlatform.Governance/Operations/Write"]},"60a68553-0217-4d1d-bd64-c538abae7d55":{"id":"bd62ba66-17ae-45c5-a7da-e743aadf2077","displayName":"Flujos lógicos","iconUri":"https://connectoricons-prod.azureedge.net/releases/v1.0.1697/1.0.1697.3784/logicflows/icon.png","dataSources":["sendJSON"],"dependencies":["a0670b19-b8c2-48db-8c63-66694cab9a2d"],"dependents":[],"parameterHints":{"workflowName":{"value":"de60864d-8427-4f9b-ba0f-de9514c97195"},"workflowEntityId":{},"workflowDisplayName":{"value":"sendJSON"},"a0670b19-b8c2-48db-8c63-66694cab9a2d":{"value":"shared_office365"}},"parameterHintsV2":{"workflowName":{"value":"de60864d-8427-4f9b-ba0f-de9514c97195"},"workflowEntityId":{},"workflowDisplayName":{"value":"sendJSON"},"shared_office365":{"value":"a0670b19-b8c2-48db-8c63-66694cab9a2d"}},"isOnPremiseConnection":false,"bypassConsent":false,"dataSets":{},"apiTier":"Standard","isCustomApiConnection":false,"actions":["Run"],"nestedActions":[{"id":"/providers/Microsoft.PowerApps/apis/shared_office365/apiOperations/SendEmailV2","apiName":"Office 365 Outlook","actionName":"SendEmailV2","referencedResources":[]}]},"a0670b19-b8c2-48db-8c63-66694cab9a2d":{"id":"a657b156-aad4-4e13-b9eb-c1063f36a74c","displayName":"Office 365 Outlook","iconUri":"https://connectoricons-prod.azureedge.net/releases/v1.0.1686/1.0.1686.3706/office365/icon.png","dataSources":[],"dependencies":[],"dependents":["60a68553-0217-4d1d-bd64-c538abae7d55"],"parameterHints":{},"parameterHintsV2":{},"isOnPremiseConnection":false,"bypassConsent":false,"dataSets":{},"apiTier":"Standard","isCustomApiConnection":false}},"databaseReferences":{},"almMode":"Environment","performanceOptimizationEnabled":true,"canConsumeAppPass":true,"enableModernRuntimeMode":false,"executionRestrictions":{"isTeamsOnly":false,"dataLossPreventionEvaluationResult":{"status":"Compliant","lastEvaluationDate":"2024-08-23T10:46:56.2034375Z","violations":[],"violationsByPolicy":[],"violationErrorMessage":"La aplicación usa los siguientes conectores: shared_sharepointonline, shared_logicflows, shared_office365."},"httpActionRestriction":{"appUsesSharepointHttpAction":false,"enforcementStrategy":"Legacy","evaluationTime":"2024-08-23T10:46:56.2033174Z"}}},"appType":"ClassicCanvasApp","appComponents":[]}}